Time(s),Input(v),Output(v),Output(m)
0,2.561,0,0
0.1,2.561,0.001,0.002
0.2,2.561,0.004,0.005
0.3,2.561,0.007,0.01
0.4,2.561,0.012,0.016
0.5,2.552,0.019,0.024
0.6,2.552,0.026,0.033
0.7,2.542,0.034,0.044
0.8,2.542,0.042,0.055
0.9,2.532,0.052,0.068
1,2.532,0.062,0.081
1.1,2.532,0.073,0.095
1.2,2.532,0.084,0.109
1.3,2.532,0.096,0.124
1.4,2.522,0.108,0.14
1.5,2.522,0.12,0.156
1.6,2.522,0.133,0.173
1.7,2.532,0.146,0.19
1.8,2.522,0.16,0.208
1.9,2.522,0.174,0.226
2,2.532,0.188,0.244
2.1,2.532,0.203,0.263
2.2,2.532,0.218,0.283
2.3,2.532,0.233,0.303
2.4,2.532,0.249,0.324
2.5,2.532,0.266,0.345
2.6,2.532,0.283,0.368
2.7,2.532,0.3,0.39
2.8,2.532,0.318,0.413
2.9,2.522,0.337,0.437
3,2.522,0.355,0.461
3.1,2.522,0.374,0.486
3.2,2.522,0.393,0.51
3.3,2.522,0.412,0.535
3.4,2.522,0.432,0.561
3.5,2.522,0.451,0.586
3.6,2.522,0.471,0.612
3.7,2.532,0.492,0.638
3.8,2.522,0.512,0.665
3.9,2.522,0.533,0.692
4,2.522,0.554,0.719
4.1,2.522,0.575,0.747
4.2,2.522,0.596,0.774
4.3,2.522,0.618,0.802
4.4,2.522,0.64,0.831
4.5,2.522,0.661,0.859
4.6,2.522,0.684,0.888
4.7,2.522,0.706,0.917
4.8,2.522,0.728,0.946
4.9,2.522,0.751,0.975
5,2.522,0.774,1.005
5.1,2.522,0.797,1.035
5.2,2.512,0.82,1.065
5.3,2.522,0.843,1.095
5.4,2.512,0.867,1.126
5.5,2.522,0.89,1.156
5.6,2.522,0.914,1.187
5.7,2.522,0.937,1.217
5.8,2.522,0.961,1.248
5.9,2.522,0.985,1.28
6,2.512,1.009,1.311
6.1,2.522,1.034,1.342
6.2,2.512,1.058,1.374
6.3,2.522,1.082,1.406
6.4,2.522,1.107,1.437
6.5,2.512,1.131,1.469
6.6,2.512,1.156,1.501
6.7,2.512,1.18,1.533
6.8,2.512,1.205,1.565
6.9,2.512,1.229,1.597
7,2.512,1.254,1.628
7.1,2.522,1.278,1.66
7.2,2.522,1.303,1.692
7.3,2.512,1.327,1.724
7.4,2.512,1.352,1.756
7.5,2.512,1.377,1.788
7.6,2.512,1.401,1.82
7.7,2.522,1.426,1.851
7.8,2.512,1.45,1.884
7.9,2.512,1.475,1.916
8,2.512,1.5,1.947
8.1,2.512,1.524,1.979
8.2,2.522,1.549,2.011
8.3,2.512,1.573,2.043
8.4,2.512,1.598,2.075
8.5,2.522,1.623,2.107
8.6,2.522,1.647,2.139
8.7,2.512,1.672,2.172
8.8,2.512,1.697,2.204
8.9,2.512,1.722,2.236
9,2.512,1.747,2.268
9.1,2.512,1.771,2.3
9.2,2.512,1.796,2.333
9.3,2.512,1.821,2.365
9.4,2.512,1.845,2.396
9.5,2.512,1.87,2.428
9.6,2.512,1.894,2.46
9.7,2.512,1.919,2.492
9.8,2.512,1.943,2.524
9.9,2.512,1.968,2.555
10,2.512,1.992,2.587
10.1,2.512,2.016,2.619
10.2,2.512,2.041,2.65
10.3,2.512,2.065,2.682
10.4,2.512,2.089,2.713
10.5,2.512,2.113,2.745
10.6,2.512,2.137,2.776
10.7,2.512,2.162,2.807
10.8,2.512,2.186,2.838
10.9,2.512,2.21,2.87
11,2.512,2.234,2.901
11.1,2.512,2.258,2.932
11.2,2.512,2.281,2.963
11.3,2.512,2.305,2.994
11.4,2.512,2.329,3.025
11.5,2.512,2.353,3.056
11.6,2.512,2.377,3.087
11.7,2.512,2.401,3.118
11.8,2.512,2.424,3.149
11.9,2.512,2.448,3.179
12,2.512,2.472,3.21
12.1,2.512,2.495,3.241
12.2,2.512,2.519,3.271
12.3,2.512,2.543,3.302
12.4,2.503,2.566,3.333
12.5,2.512,2.589,3.363
12.6,2.503,2.613,3.393
12.7,2.503,2.636,3.423
12.8,2.503,2.659,3.453
12.9,2.512,2.681,3.482
13,2.512,2.704,3.512
13.1,2.512,2.727,3.541
13.2,2.512,2.749,3.57
13.3,2.512,2.772,3.6
13.4,2.512,2.794,3.629
13.5,2.512,2.817,3.658
13.6,2.503,2.839,3.687
13.7,2.512,2.862,3.716
13.8,2.503,2.884,3.745
13.9,2.503,2.906,3.774
14,2.503,2.928,3.802
14.1,2.503,2.949,3.83
14.2,2.512,2.971,3.858
14.3,2.503,2.992,3.886
14.4,2.512,3.013,3.914
14.5,2.512,3.035,3.941
14.6,2.503,3.056,3.969
14.7,2.503,3.077,3.996
14.8,2.512,3.098,4.023
14.9,2.512,3.119,4.05
15,2.503,3.139,4.077
15.1,2.512,3.16,4.104
15.2,2.512,3.181,4.131
15.3,2.503,3.201,4.158
15.4,2.512,3.222,4.184
15.5,2.503,3.242,4.211
15.6,2.503,3.263,4.237
15.7,2.503,3.283,4.263
15.8,2.503,3.303,4.289
15.9,2.503,3.322,4.315
16,2.503,3.342,4.34
16.1,2.503,3.361,4.365
16.2,2.512,3.38,4.39
16.3,2.503,3.4,4.415
16.4,2.503,3.419,4.44
16.5,2.503,3.437,4.464
16.6,2.512,3.456,4.488
16.7,2.503,3.475,4.513
16.8,2.503,3.493,4.537
16.9,2.503,3.512,4.561
17,2.503,3.53,4.584
17.1,2.512,3.548,4.608
17.2,2.503,3.566,4.631
17.3,2.503,3.584,4.654
17.4,2.512,3.602,4.677
17.5,2.503,3.619,4.7
17.6,2.503,3.637,4.723
17.7,2.503,3.654,4.746
17.8,2.503,3.672,4.768
17.9,2.503,3.689,4.791
18,2.512,3.706,4.813
18.1,2.512,3.723,4.835
18.2,2.503,3.74,4.857
18.3,2.512,3.757,4.879
18.4,2.503,3.774,4.901
18.5,2.503,3.791,4.923
18.6,2.512,3.807,4.945
18.7,2.503,3.824,4.967
18.8,2.503,3.841,4.988
18.9,2.503,3.857,5.009
19,2.503,3.874,5.031
19.1,2.503,3.89,5.052
19.2,2.503,3.906,5.072
19.3,2.503,3.922,5.093
19.4,2.503,3.937,5.114
19.5,2.503,3.953,5.134
19.6,2.503,3.969,5.154
19.7,2.503,3.984,5.174
19.8,2.503,3.999,5.194
19.9,2.503,4.014,5.213
20,2.503,4.029,5.233
20.1,2.503,4.044,5.252
20.2,2.503,4.059,5.271
20.3,2.493,4.073,5.29
20.4,2.503,4.088,5.309
20.5,2.503,4.102,5.327
20.6,2.503,4.116,5.345
20.7,2.503,4.13,5.363
20.8,2.512,4.143,5.381
20.9,2.503,4.157,5.399
21,2.503,4.171,5.417
21.1,2.503,4.185,5.435
21.2,2.503,4.198,5.452
21.3,2.503,4.212,5.47
21.4,2.503,4.225,5.487
21.5,2.503,4.238,5.504
21.6,2.503,4.252,5.521
21.7,2.503,4.265,5.538
21.8,2.503,4.277,5.555
21.9,2.503,4.29,5.572
22,2.503,4.303,5.588
22.1,2.503,4.316,5.605
22.2,2.503,4.328,5.621
22.3,2.503,4.341,5.637
22.4,2.503,4.353,5.653
22.5,2.503,4.365,5.669
22.6,2.493,4.377,5.685
22.7,2.503,4.389,5.7
22.8,2.493,4.401,5.715
22.9,2.503,4.412,5.73
23,2.503,4.424,5.745
23.1,2.503,4.435,5.76
23.2,2.503,4.446,5.774
23.3,2.503,4.457,5.789
23.4,2.493,4.468,5.803
23.5,2.503,4.479,5.817
23.6,2.503,4.49,5.831
23.7,2.503,4.501,5.845
23.8,2.503,4.511,5.859
23.9,2.503,4.522,5.872
24,2.503,4.532,5.886
24.1,2.503,4.542,5.899
24.2,2.503,4.553,5.912
24.3,2.503,4.563,5.926
24.4,2.493,4.573,5.939
24.5,2.503,4.583,5.952
24.6,2.503,4.593,5.964
24.7,2.503,4.602,5.977
24.8,2.503,4.612,5.989
24.9,2.503,4.621,6.002
25,2.493,4.631,6.014
25.1,2.503,4.64,6.026
25.2,2.503,4.65,6.038
25.3,2.503,4.659,6.05
25.4,2.493,4.668,6.062
25.5,2.503,4.677,6.074
25.6,2.503,4.685,6.085
25.7,2.503,4.694,6.096
25.8,2.503,4.703,6.108
25.9,2.503,4.711,6.119
26,2.503,4.72,6.13
26.1,2.503,4.729,6.141
26.2,2.503,4.737,6.152
26.3,2.493,4.746,6.163
26.4,2.503,4.754,6.174
26.5,2.503,4.762,6.184
26.6,2.503,4.77,6.195
26.7,2.503,4.778,6.205
26.8,2.493,4.786,6.216
26.9,2.503,4.794,6.226
27,2.503,4.802,6.236
27.1,2.503,4.809,6.246
27.2,2.503,4.817,6.256
27.3,2.503,4.825,6.266
27.4,2.493,4.832,6.275
27.5,2.493,4.839,6.285
27.6,2.503,4.847,6.294
27.7,2.503,4.854,6.303
27.8,2.503,4.861,6.313
27.9,2.493,4.868,6.322
28,2.503,4.874,6.33
28.1,2.503,4.881,6.339
28.2,2.503,4.888,6.348
28.3,2.503,4.895,6.357
28.4,2.493,4.901,6.365
28.5,2.503,4.908,6.374
28.6,2.503,4.914,6.382
28.7,2.503,4.92,6.39
28.8,2.493,4.927,6.398
28.9,2.503,4.933,6.406
29,2.503,4.939,6.414
29.1,2.493,4.945,6.422
29.2,2.493,4.951,6.43
29.3,2.493,4.957,6.437
29.4,2.493,4.962,6.444
29.5,2.493,4.967,6.451
29.6,2.503,4.972,6.458
29.7,2.493,4.977,6.464
29.8,2.503,4.982,6.47
29.9,2.503,4.987,6.477
30,2.503,4.992,6.483
30.1,2.503,4.997,6.489
30.2,2.503,5.001,6.495
30.3,2.493,5.006,6.502
30.4,2.503,5.011,6.508
30.5,2.503,5.015,6.514
30.6,2.503,5.02,6.519
30.7,2.493,5.025,6.525
30.8,2.503,5.029,6.531
30.9,2.493,5.033,6.537
31,2.503,5.037,6.542
31.1,2.503,5.042,6.548
31.2,2.503,5.046,6.553
31.3,2.493,5.05,6.558
31.4,2.503,5.054,6.564
31.5,2.493,5.058,6.569
31.6,2.493,5.062,6.574
31.7,2.503,5.065,6.578
31.8,2.503,5.069,6.583
31.9,2.503,5.073,6.588
32,2.493,5.076,6.593
32.1,2.503,5.08,6.597
32.2,2.503,5.083,6.602
32.3,2.503,5.087,6.606
32.4,2.493,5.09,6.611
32.5,2.493,5.093,6.615
32.6,2.503,5.096,6.619
32.7,2.493,5.1,6.623
32.8,2.503,5.103,6.627
32.9,2.493,5.105,6.63
33,2.503,5.108,6.634
33.1,2.493,5.111,6.638
33.2,2.503,5.114,6.641
33.3,2.493,5.116,6.644
33.4,2.493,5.119,6.648
33.5,2.493,5.121,6.651
33.6,2.503,5.123,6.653
33.7,2.493,5.125,6.656
33.8,2.503,5.127,6.659
33.9,2.503,5.129,6.661
34,2.493,5.131,6.664
34.1,2.503,5.133,6.666
34.2,2.493,5.135,6.669
34.3,2.493,5.137,6.671
34.4,2.493,5.138,6.673
34.5,2.503,5.139,6.675
34.6,2.493,5.141,6.676
34.7,2.493,5.142,6.678
34.8,2.503,5.143,6.679
34.9,2.493,5.144,6.681
35,2.503,5.145,6.682
35.1,2.503,5.146,6.683
35.2,2.503,5.147,6.685
35.3,2.493,5.148,6.686
35.4,2.493,5.149,6.687
35.5,2.503,5.15,6.688
35.6,2.503,5.151,6.689
35.7,2.493,5.152,6.69
35.8,2.493,5.152,6.691
35.9,2.493,5.153,6.692
36,2.493,5.153,6.693
36.1,2.493,5.154,6.693
36.2,2.493,5.154,6.693
36.3,2.493,5.154,6.693
36.4,2.503,5.153,6.693
36.5,2.503,5.153,6.692
36.6,2.493,5.153,6.692
36.7,2.503,5.153,6.692
36.8,2.493,5.153,6.692
36.9,2.493,5.152,6.691
37,2.493,5.152,6.691
37.1,2.503,5.151,6.69
37.2,2.503,5.151,6.689
37.3,2.493,5.15,6.688
37.4,2.503,5.149,6.688
37.5,2.503,5.149,6.687
37.6,2.493,5.148,6.686
37.7,2.503,5.148,6.685
37.8,2.493,5.147,6.684
37.9,2.503,5.146,6.683
38,2.493,5.146,6.683
38.1,2.493,5.145,6.681
38.2,2.503,5.144,6.68
38.3,2.493,5.143,6.679
38.4,2.493,5.142,6.678
38.5,2.493,5.141,6.676
38.6,2.503,5.139,6.675
38.7,2.503,5.138,6.673
38.8,2.493,5.137,6.671
38.9,2.493,5.136,6.67
39,2.493,5.134,6.668
39.1,2.503,5.133,6.666
39.2,2.493,5.131,6.664
39.3,2.503,5.13,6.662
39.4,2.503,5.128,6.66
39.5,2.493,5.127,6.658
39.6,2.503,5.125,6.656
39.7,2.493,5.123,6.654
39.8,2.503,5.122,6.652
39.9,2.503,5.12,6.65
40,2.493,5.119,6.648
40.1,2.503,5.117,6.645
40.2,2.503,5.115,6.643
40.3,2.493,5.114,6.641
40.4,2.503,5.112,6.639
40.5,2.503,5.111,6.637
40.6,2.503,5.109,6.635
40.7,2.503,5.108,6.633
40.8,2.503,5.106,6.632
40.9,2.493,5.105,6.63
41,2.493,5.104,6.628
41.1,2.493,5.102,6.626
41.2,2.503,5.1,6.624
41.3,2.493,5.099,6.622
41.4,2.493,5.097,6.62
41.5,2.493,5.095,6.617
41.6,2.503,5.093,6.615
41.7,2.493,5.091,6.612
41.8,2.503,5.089,6.61
41.9,2.493,5.087,6.607
42,2.503,5.085,6.604
42.1,2.493,5.083,6.602
42.2,2.493,5.081,6.599
42.3,2.493,5.079,6.596
42.4,2.493,5.077,6.593
42.5,2.493,5.074,6.59
42.6,2.493,5.072,6.586
42.7,2.493,5.069,6.583
42.8,2.503,5.066,6.579
42.9,2.503,5.063,6.576
43,2.503,5.061,6.572
43.1,2.493,5.058,6.569
43.2,2.493,5.055,6.565
43.3,2.493,5.053,6.562
43.4,2.493,5.05,6.558
43.5,2.493,5.047,6.554
43.6,2.503,5.043,6.55
43.7,2.493,5.04,6.546
43.8,2.503,5.037,6.542
43.9,2.503,5.034,6.538
44,2.493,5.031,6.534
44.1,2.493,5.028,6.53
44.2,2.493,5.025,6.526
44.3,2.493,5.022,6.521
44.4,2.503,5.018,6.517
44.5,2.503,5.015,6.513
44.6,2.493,5.012,6.509
44.7,2.503,5.008,6.504
44.8,2.493,5.005,6.5
44.9,2.503,5.002,6.496
45,2.503,4.998,6.491
45.1,2.493,4.995,6.487
45.2,2.503,4.992,6.483
45.3,2.503,4.989,6.479
45.4,2.493,4.986,6.475
45.5,2.503,4.982,6.471
45.6,2.503,4.979,6.467
45.7,2.503,4.976,6.463
45.8,2.493,4.973,6.459
45.9,2.503,4.97,6.455
46,2.493,4.967,6.451
46.1,2.503,4.964,6.447
46.2,2.493,4.961,6.443
46.3,2.503,4.958,6.439
46.4,2.493,4.955,6.435
46.5,2.493,4.952,6.431
46.6,2.503,4.949,6.427
46.7,2.503,4.946,6.423
46.8,2.493,4.943,6.419
46.9,2.503,4.939,6.415
47,2.493,4.936,6.411
47.1,2.503,4.933,6.407
47.2,2.493,4.93,6.403
47.3,2.493,4.927,6.398
47.4,2.493,4.924,6.394
47.5,2.493,4.92,6.39
47.6,2.493,4.917,6.385
47.7,2.493,4.913,6.38
47.8,2.503,4.909,6.376
47.9,2.503,4.906,6.371
48,2.503,4.902,6.366
48.1,2.493,4.899,6.362
48.2,2.503,4.895,6.357
48.3,2.493,4.892,6.353
48.4,2.493,4.888,6.348
48.5,2.503,4.884,6.343
48.6,2.493,4.881,6.339
48.7,2.493,4.877,6.334
48.8,2.493,4.873,6.329
48.9,2.503,4.869,6.324
49,2.503,4.866,6.319
49.1,2.493,4.862,6.314
49.2,2.493,4.858,6.309
49.3,2.503,4.854,6.304
49.4,2.493,4.851,6.299
49.5,2.503,4.847,6.294
49.6,2.503,4.843,6.289
49.7,2.503,4.839,6.285
49.8,2.493,4.836,6.28
49.9,2.493,4.832,6.275
50,2.503,4.828,6.27
50.1,2.503,4.824,6.265
50.2,2.493,4.821,6.261
50.3,2.493,4.817,6.256
50.4,2.493,4.813,6.251
50.5,2.493,4.809,6.246
50.6,2.503,4.805,6.241
50.7,2.493,4.801,6.236
50.8,2.503,4.797,6.23
50.9,2.503,4.793,6.225
51,2.503,4.79,6.22
51.1,2.503,4.786,6.215
51.2,2.503,4.782,6.211
51.3,2.493,4.779,6.206
51.4,2.503,4.775,6.201
51.5,2.503,4.772,6.197
51.6,2.503,4.768,6.192
51.7,2.493,4.765,6.188
51.8,2.503,4.761,6.184
51.9,2.503,4.758,6.179
52,2.503,4.755,6.175
52.1,2.503,4.752,6.171
52.2,2.503,4.748,6.167
52.3,2.503,4.745,6.163
52.4,2.503,4.743,6.159
52.5,2.493,4.74,6.156
52.6,2.503,4.737,6.152
52.7,2.503,4.734,6.148
52.8,2.493,4.731,6.144
52.9,2.493,4.728,6.141
53,2.493,4.725,6.137
53.1,2.493,4.722,6.133
53.2,2.503,4.719,6.129
53.3,2.493,4.716,6.125
53.4,2.493,4.713,6.12
53.5,2.493,4.709,6.116
53.6,2.503,4.706,6.112
53.7,2.503,4.703,6.107
53.8,2.503,4.699,6.103
53.9,2.503,4.696,6.099
54,2.503,4.693,6.095
54.1,2.503,4.69,6.091
54.2,2.493,4.687,6.087
54.3,2.493,4.684,6.083
54.4,2.503,4.681,6.079
54.5,2.503,4.678,6.075
54.6,2.503,4.675,6.072
54.7,2.503,4.672,6.068
54.8,2.493,4.67,6.064
54.9,2.493,4.667,6.061
55,2.503,4.664,6.057
55.1,2.503,4.661,6.053
55.2,2.503,4.658,6.049
55.3,2.503,4.655,6.046
55.4,2.493,4.653,6.042
55.5,2.493,4.65,6.039
55.6,2.503,4.647,6.035
55.7,2.493,4.644,6.031
55.8,2.493,4.641,6.028
55.9,2.503,4.638,6.024
56,2.503,4.635,6.02
56.1,2.503,4.632,6.016
56.2,2.503,4.63,6.013
56.3,2.503,4.627,6.009
56.4,2.493,4.624,6.006
56.5,2.493,4.622,6.002
56.6,2.493,4.619,5.999
56.7,2.503,4.616,5.995
56.8,2.493,4.613,5.991
56.9,2.503,4.61,5.987
57,2.503,4.607,5.984
57.1,2.493,4.605,5.98
57.2,2.503,4.602,5.976
57.3,2.503,4.599,5.973
57.4,2.493,4.596,5.969
57.5,2.503,4.593,5.965
57.6,2.493,4.591,5.962
57.7,2.503,4.588,5.958
57.8,2.503,4.585,5.955
57.9,2.503,4.582,5.951
58,2.503,4.58,5.948
58.1,2.503,4.577,5.944
58.2,2.503,4.575,5.941
58.3,2.503,4.572,5.938
58.4,2.503,4.57,5.935
58.5,2.503,4.568,5.932
58.6,2.503,4.566,5.93
58.7,2.493,4.564,5.927
58.8,2.493,4.562,5.924
58.9,2.493,4.559,5.921
59,2.503,4.557,5.918
59.1,2.503,4.555,5.915
59.2,2.503,4.552,5.912
59.3,2.493,4.55,5.909
59.4,2.503,4.548,5.906
59.5,2.503,4.546,5.904
59.6,2.503,4.544,5.901
59.7,2.503,4.542,5.898
59.8,2.503,4.54,5.896
59.9,2.503,4.538,5.893
60,2.503,4.536,5.891
60.1,2.493,4.534,5.889
60.2,2.503,4.532,5.886
60.3,2.503,4.531,5.884
60.4,2.503,4.529,5.882
60.5,2.503,4.527,5.879
60.6,2.493,4.526,5.877
60.7,2.503,4.524,5.875
60.8,2.493,4.522,5.873
60.9,2.493,4.521,5.871
61,2.493,4.519,5.868
61.1,2.493,4.517,5.866
61.2,2.493,4.515,5.863
61.3,2.493,4.512,5.86
61.4,2.493,4.51,5.857
61.5,2.503,4.507,5.854
61.6,2.503,4.505,5.851
61.7,2.493,4.503,5.848
61.8,2.493,4.5,5.844
61.9,2.493,4.498,5.841
62,2.503,4.495,5.838
62.1,2.503,4.492,5.834
62.2,2.493,4.49,5.831
62.3,2.503,4.487,5.828
62.4,2.493,4.485,5.824
62.5,2.503,4.482,5.821
62.6,2.493,4.479,5.817
62.7,2.493,4.477,5.814
62.8,2.503,4.474,5.81
62.9,2.503,4.471,5.807
63,2.503,4.469,5.803
63.1,2.503,4.466,5.8
63.2,2.493,4.464,5.797
63.3,2.503,4.461,5.793
63.4,2.503,4.458,5.79
63.5,2.503,4.456,5.787
63.6,2.493,4.454,5.784
63.7,2.503,4.451,5.781
63.8,2.503,4.449,5.778
63.9,2.503,4.447,5.775
64,2.503,4.444,5.772
64.1,2.503,4.442,5.769
64.2,2.503,4.44,5.766
64.3,2.503,4.438,5.764
64.4,2.493,4.436,5.761
64.5,2.493,4.434,5.759
64.6,2.503,4.432,5.756
64.7,2.503,4.43,5.753
64.8,2.493,4.428,5.751
64.9,2.493,4.426,5.748
65,2.503,4.424,5.745
65.1,2.503,4.422,5.742
65.2,2.503,4.419,5.74
65.3,2.503,4.417,5.737
65.4,2.493,4.416,5.734
65.5,2.503,4.413,5.732
65.6,2.503,4.411,5.729
65.7,2.503,4.41,5.727
65.8,2.503,4.408,5.724
65.9,2.503,4.406,5.722
66,2.493,4.404,5.72
66.1,2.493,4.403,5.718
66.2,2.503,4.401,5.715
66.3,2.503,4.399,5.713
66.4,2.503,4.397,5.71
66.5,2.503,4.395,5.708
66.6,2.503,4.394,5.706
66.7,2.493,4.392,5.704
66.8,2.493,4.39,5.702
66.9,2.503,4.389,5.699
67,2.503,4.387,5.697
67.1,2.503,4.385,5.695
67.2,2.503,4.384,5.693
67.3,2.503,4.382,5.691
67.4,2.493,4.381,5.689
67.5,2.493,4.379,5.687
67.6,2.493,4.377,5.685
67.7,2.493,4.375,5.682
67.8,2.503,4.374,5.68
67.9,2.503,4.372,5.677
68,2.493,4.37,5.675
68.1,2.503,4.368,5.673
68.2,2.503,4.366,5.67
68.3,2.503,4.364,5.668
68.4,2.503,4.363,5.666
68.5,2.503,4.361,5.663
68.6,2.503,4.359,5.661
68.7,2.503,4.358,5.66
68.8,2.493,4.356,5.658
68.9,2.503,4.355,5.656
69,2.503,4.353,5.654
69.1,2.503,4.352,5.652
69.2,2.503,4.351,5.65
69.3,2.493,4.349,5.648
69.4,2.503,4.348,5.647
69.5,2.493,4.347,5.645
69.6,2.503,4.345,5.643
69.7,2.493,4.344,5.641
69.8,2.503,4.342,5.639
69.9,2.503,4.341,5.637
70,2.503,4.339,5.636
70.1,2.493,4.338,5.634
70.2,2.493,4.337,5.632
70.3,2.503,4.335,5.63
70.4,2.503,4.334,5.628
70.5,2.503,4.332,5.626
70.6,2.503,4.331,5.624
70.7,2.503,4.329,5.623
70.8,2.503,4.328,5.621
70.9,2.493,4.327,5.62
71,2.503,4.326,5.618
71.1,2.493,4.325,5.616
71.2,2.493,4.323,5.614
71.3,2.503,4.322,5.613
71.4,2.493,4.32,5.611
71.5,2.503,4.319,5.609
71.6,2.503,4.317,5.607
71.7,2.503,4.316,5.605
71.8,2.493,4.314,5.603
71.9,2.503,4.313,5.601
72,2.493,4.312,5.599
72.1,2.493,4.31,5.597
72.2,2.493,4.308,5.595
72.3,2.503,4.307,5.593
72.4,2.503,4.305,5.591
72.5,2.493,4.303,5.589
72.6,2.503,4.301,5.586
72.7,2.503,4.3,5.584
72.8,2.493,4.298,5.582
72.9,2.493,4.296,5.58
73,2.503,4.295,5.577
73.1,2.503,4.293,5.575
73.2,2.503,4.291,5.573
73.3,2.503,4.289,5.571
73.4,2.503,4.288,5.569
73.5,2.493,4.286,5.567
73.6,2.493,4.285,5.564
73.7,2.503,4.283,5.562
73.8,2.503,4.281,5.56
73.9,2.493,4.28,5.558
74,2.503,4.278,5.556
74.1,2.503,4.276,5.553
74.2,2.493,4.275,5.551
74.3,2.503,4.273,5.549
74.4,2.503,4.271,5.547
74.5,2.503,4.27,5.545
74.6,2.503,4.268,5.543
74.7,2.503,4.267,5.541
74.8,2.503,4.265,5.539
74.9,2.503,4.264,5.538
75,2.503,4.263,5.536
75.1,2.493,4.262,5.535
75.2,2.503,4.26,5.533
75.3,2.503,4.259,5.531
75.4,2.503,4.258,5.53
75.5,2.503,4.257,5.528
75.6,2.493,4.256,5.527
75.7,2.503,4.255,5.525
75.8,2.503,4.253,5.524
75.9,2.503,4.252,5.523
76,2.503,4.251,5.521
76.1,2.503,4.251,5.52
76.2,2.503,4.25,5.519
76.3,2.503,4.249,5.518
76.4,2.503,4.248,5.517
76.5,2.503,4.248,5.516
76.6,2.503,4.247,5.516
76.7,2.503,4.246,5.515
76.8,2.493,4.246,5.514
76.9,2.503,4.245,5.513
77,2.503,4.245,5.513
77.1,2.493,4.244,5.512
77.2,2.503,4.244,5.511
77.3,2.503,4.243,5.511
77.4,2.503,4.243,5.51
77.5,2.503,4.242,5.509
77.6,2.503,4.242,5.509
77.7,2.503,4.241,5.508
77.8,2.493,4.241,5.508
77.9,2.503,4.241,5.507
78,2.503,4.24,5.507
78.1,2.503,4.24,5.506
78.2,2.503,4.24,5.506
78.3,2.503,4.24,5.506
78.4,2.493,4.239,5.506
78.5,2.503,4.239,5.505
78.6,2.493,4.239,5.505
78.7,2.503,4.238,5.505
78.8,2.493,4.238,5.504
78.9,2.503,4.238,5.503
79,2.503,4.237,5.503
79.1,2.503,4.237,5.503
79.2,2.503,4.237,5.502
79.3,2.503,4.236,5.502
79.4,2.503,4.236,5.502
79.5,2.503,4.236,5.501
79.6,2.503,4.236,5.501
79.7,2.503,4.236,5.501
79.8,2.493,4.236,5.501
79.9,2.503,4.236,5.501
80,2.503,4.236,5.501
80.1,2.503,4.236,5.501
80.2,2.503,4.236,5.501
80.3,2.503,4.236,5.501
80.4,2.503,4.236,5.501
80.5,2.493,4.236,5.502
80.6,2.503,4.236,5.502
80.7,2.503,4.236,5.502
80.8,2.503,4.237,5.502
80.9,2.503,4.237,5.502
81,2.503,4.237,5.503
81.1,2.503,4.237,5.503
81.2,2.493,4.238,5.504
81.3,2.503,4.238,5.504
81.4,2.493,4.238,5.504
81.5,2.503,4.238,5.504
81.6,2.493,4.238,5.505
81.7,2.493,4.238,5.505
81.8,2.503,4.238,5.504
81.9,2.493,4.238,5.504
82,2.503,4.238,5.504
82.1,2.503,4.238,5.504
82.2,2.503,4.238,5.504
82.3,2.503,4.238,5.503
82.4,2.503,4.238,5.503
82.5,2.503,4.238,5.503
82.6,2.503,4.238,5.504
82.7,2.493,4.238,5.504
82.8,2.503,4.238,5.504
82.9,2.503,4.238,5.504
83,2.503,4.238,5.504
83.1,2.503,4.238,5.504
83.2,2.503,4.238,5.504
83.3,2.503,4.239,5.505
83.4,2.503,4.239,5.505
83.5,2.503,4.239,5.506
83.6,2.512,4.24,5.506
83.7,2.503,4.24,5.507
83.8,2.503,4.241,5.508
83.9,2.503,4.242,5.509
84,2.493,4.243,5.51
84.1,2.503,4.243,5.511
84.2,2.503,4.244,5.511
84.3,2.503,4.245,5.512
84.4,2.493,4.245,5.513
84.5,2.503,4.246,5.514
84.6,2.503,4.247,5.515
84.7,2.503,4.247,5.516
84.8,2.503,4.248,5.517
84.9,2.503,4.249,5.518
85,2.493,4.25,5.519
85.1,2.503,4.25,5.52
85.2,2.503,4.251,5.521
85.3,2.503,4.252,5.522
85.4,2.503,4.252,5.523
85.5,2.503,4.253,5.524
85.6,2.503,4.254,5.525
85.7,2.503,4.255,5.526
85.8,2.503,4.256,5.527
85.9,2.503,4.257,5.529
86,2.503,4.258,5.53
86.1,2.503,4.259,5.532
86.2,2.503,4.26,5.533
86.3,2.503,4.262,5.535
86.4,2.503,4.263,5.536
86.5,2.503,4.264,5.538
86.6,2.503,4.265,5.539
86.7,2.503,4.267,5.541
86.8,2.503,4.268,5.543
86.9,2.503,4.269,5.545
87,2.493,4.271,5.547
87.1,2.503,4.272,5.548
87.2,2.503,4.273,5.55
87.3,2.503,4.275,5.552
87.4,2.503,4.276,5.553
87.5,2.503,4.278,5.555
87.6,2.503,4.279,5.557
87.7,2.503,4.28,5.559
87.8,2.503,4.282,5.561
87.9,2.503,4.284,5.563
88,2.503,4.285,5.565
88.1,2.503,4.287,5.567
88.2,2.503,4.288,5.569
88.3,2.503,4.29,5.572
88.4,2.503,4.292,5.574
88.5,2.503,4.294,5.576
88.6,2.503,4.295,5.578
88.7,2.503,4.297,5.581
88.8,2.493,4.299,5.583
88.9,2.503,4.301,5.585
89,2.493,4.302,5.588
89.1,2.503,4.304,5.59
89.2,2.503,4.306,5.592
89.3,2.493,4.307,5.594
89.4,2.503,4.309,5.596
89.5,2.503,4.31,5.597
89.6,2.503,4.312,5.599
89.7,2.503,4.313,5.601
89.8,2.503,4.315,5.604
89.9,2.503,4.316,5.606
90,2.503,4.318,5.608
90.1,2.503,4.32,5.61
90.2,2.493,4.321,5.612
90.3,2.503,4.323,5.614
90.4,2.493,4.325,5.616
90.5,2.493,4.326,5.618
90.6,2.503,4.327,5.62
90.7,2.503,4.328,5.621
90.8,2.503,4.33,5.623
90.9,2.493,4.331,5.625
91,2.503,4.332,5.626
91.1,2.493,4.334,5.628
91.2,2.503,4.335,5.629
91.3,2.503,4.336,5.631
91.4,2.503,4.337,5.632
91.5,2.503,4.338,5.634
91.6,2.493,4.339,5.636
91.7,2.503,4.34,5.637
91.8,2.503,4.342,5.638
91.9,2.503,4.343,5.64
92,2.503,4.344,5.641
92.1,2.503,4.345,5.643
92.2,2.493,4.346,5.645
92.3,2.503,4.348,5.646
92.4,2.503,4.349,5.648
92.5,2.503,4.35,5.649
92.6,2.503,4.351,5.651
92.7,2.503,4.352,5.652
92.8,2.493,4.354,5.654
92.9,2.493,4.355,5.656
93,2.503,4.356,5.657
93.1,2.503,4.357,5.658
93.2,2.503,4.358,5.659
93.3,2.503,4.359,5.661
93.4,2.503,4.36,5.662
93.5,2.493,4.361,5.664
93.6,2.503,4.362,5.665
93.7,2.503,4.363,5.667
93.8,2.503,4.364,5.668
93.9,2.503,4.365,5.669
94,2.493,4.367,5.671
94.1,2.503,4.368,5.672
94.2,2.493,4.369,5.674
94.3,2.503,4.37,5.675
94.4,2.503,4.371,5.676
94.5,2.493,4.372,5.677
94.6,2.503,4.372,5.678
94.7,2.503,4.373,5.679
94.8,2.503,4.374,5.681
94.9,2.503,4.375,5.682
95,2.503,4.376,5.683
95.1,2.503,4.377,5.684
95.2,2.503,4.378,5.686
95.3,2.493,4.379,5.687
95.4,2.503,4.38,5.689
95.5,2.503,4.381,5.69
95.6,2.493,4.382,5.691
95.7,2.503,4.383,5.692
95.8,2.493,4.384,5.693
95.9,2.503,4.385,5.694
96,2.503,4.386,5.695
96.1,2.503,4.386,5.697
96.2,2.503,4.387,5.698
96.3,2.503,4.388,5.699
96.4,2.503,4.389,5.7
96.5,2.503,4.39,5.701
96.6,2.493,4.391,5.703
96.7,2.493,4.392,5.704
96.8,2.503,4.393,5.705
96.9,2.503,4.394,5.706
97,2.503,4.394,5.707
97.1,2.503,4.395,5.708
97.2,2.503,4.396,5.709
97.3,2.503,4.397,5.711
97.4,2.503,4.398,5.712
97.5,2.503,4.399,5.713
97.6,2.503,4.4,5.715
97.7,2.503,4.401,5.716
97.8,2.503,4.402,5.717
97.9,2.503,4.404,5.719
98,2.503,4.405,5.721
98.1,2.503,4.406,5.722
98.2,2.503,4.407,5.724
98.3,2.493,4.409,5.726
98.4,2.503,4.41,5.727
98.5,2.503,4.411,5.729
98.6,2.493,4.412,5.73
98.7,2.503,4.413,5.732
98.8,2.503,4.415,5.733
98.9,2.503,4.416,5.735
99,2.503,4.417,5.736
99.1,2.503,4.418,5.738
99.2,2.503,4.42,5.74
99.3,2.503,4.421,5.741
99.4,2.503,4.422,5.743
99.5,2.503,4.424,5.745
99.6,2.503,4.425,5.747
99.7,2.503,4.426,5.749
99.8,2.503,4.428,5.751
99.9,2.503,4.43,5.753
100,2.503,4.431,5.755
100.1,2.503,4.433,5.757
100.2,2.503,4.434,5.759
100.3,2.503,4.436,5.761
100.4,2.503,4.438,5.763
100.5,2.503,4.439,5.766
100.6,2.503,4.441,5.768
100.7,2.503,4.443,5.77
100.8,2.503,4.445,5.773
100.9,2.503,4.447,5.775
101,2.503,4.449,5.777
101.1,2.503,4.451,5.78
101.2,2.503,4.452,5.782
101.3,2.503,4.454,5.785
101.4,2.503,4.456,5.788
101.5,2.503,4.459,5.79
101.6,2.503,4.461,5.793
101.7,2.503,4.463,5.796
101.8,2.503,4.465,5.798
101.9,2.503,4.467,5.801
102,2.503,4.469,5.804
102.1,2.493,4.471,5.807
102.2,2.503,4.473,5.81
102.3,2.503,4.475,5.812
102.4,2.503,4.477,5.815
102.5,2.503,4.48,5.818
102.6,2.503,4.482,5.82
102.7,2.503,4.484,5.823
102.8,2.503,4.486,5.826
102.9,2.503,4.488,5.829
103,2.503,4.491,5.832
103.1,2.493,4.493,5.835
103.2,2.493,4.495,5.838
103.3,2.503,4.497,5.84
103.4,2.503,4.499,5.843
103.5,2.503,4.501,5.845
103.6,2.503,4.503,5.848
103.7,2.503,4.505,5.851
103.8,2.503,4.507,5.853
103.9,2.503,4.509,5.856
104,2.503,4.511,5.859
104.1,2.493,4.513,5.862
104.2,2.503,4.515,5.864
104.3,2.503,4.517,5.867
104.4,2.493,4.519,5.869
104.5,2.503,4.521,5.872
104.6,2.503,4.523,5.874
104.7,2.503,4.525,5.877
104.8,2.503,4.527,5.879
104.9,2.503,4.529,5.882
105,2.503,4.531,5.884
105.1,2.503,4.533,5.887
105.2,2.503,4.535,5.89
105.3,2.503,4.537,5.893
105.4,2.503,4.539,5.895
105.5,2.503,4.542,5.898
105.6,2.503,4.544,5.901
105.7,2.503,4.546,5.904
105.8,2.503,4.548,5.907
105.9,2.503,4.55,5.91
106,2.493,4.553,5.913
106.1,2.493,4.555,5.915
106.2,2.493,4.557,5.918
106.3,2.503,4.559,5.92
106.4,2.503,4.56,5.923
106.5,2.503,4.562,5.925
106.6,2.503,4.564,5.927
106.7,2.503,4.566,5.93
106.8,2.503,4.568,5.932
106.9,2.503,4.57,5.935
107,2.503,4.572,5.937
107.1,2.503,4.574,5.94
107.2,2.503,4.576,5.943
107.3,2.503,4.578,5.945
107.4,2.493,4.58,5.948
107.5,2.493,4.582,5.951
107.6,2.503,4.584,5.953
107.7,2.503,4.586,5.955
107.8,2.503,4.587,5.958
107.9,2.503,4.589,5.96
108,2.503,4.591,5.962
108.1,2.503,4.593,5.965
108.2,2.503,4.595,5.967
108.3,2.503,4.597,5.97
108.4,2.503,4.599,5.973
108.5,2.493,4.601,5.975
108.6,2.493,4.603,5.978
108.7,2.503,4.604,5.98
108.8,2.503,4.606,5.982
108.9,2.493,4.608,5.984
109,2.503,4.609,5.986
109.1,2.493,4.611,5.988
109.2,2.503,4.613,5.99
109.3,2.503,4.614,5.992
109.4,2.503,4.616,5.994
109.5,2.503,4.617,5.996
109.6,2.493,4.619,5.998
109.7,2.503,4.62,6
109.8,2.503,4.622,6.002
109.9,2.503,4.623,6.004
110,2.503,4.625,6.006
110.1,2.503,4.626,6.008
110.2,2.503,4.628,6.01
110.3,2.503,4.629,6.012
110.4,2.503,4.631,6.014
110.5,2.493,4.633,6.017
110.6,2.493,4.634,6.019
110.7,2.503,4.636,6.02
110.8,2.503,4.637,6.022
110.9,2.503,4.638,6.024
111,2.503,4.64,6.026
111.1,2.493,4.641,6.028
111.2,2.493,4.643,6.03
111.3,2.493,4.644,6.031
111.4,2.493,4.645,6.032
111.5,2.503,4.646,6.034
111.6,2.503,4.647,6.035
111.7,2.493,4.648,6.036
111.8,2.503,4.648,6.037
111.9,2.503,4.649,6.038
112,2.503,4.65,6.039
112.1,2.503,4.651,6.04
112.2,2.493,4.652,6.042
112.3,2.503,4.653,6.043
112.4,2.503,4.654,6.044
112.5,2.503,4.655,6.045
112.6,2.503,4.655,6.046
112.7,2.503,4.656,6.047
112.8,2.503,4.657,6.049
112.9,2.503,4.658,6.05
113,2.493,4.66,6.051
113.1,2.503,4.661,6.053
113.2,2.503,4.661,6.054
113.3,2.503,4.662,6.055
113.4,2.493,4.664,6.057
113.5,2.503,4.664,6.058
113.6,2.503,4.665,6.059
113.7,2.503,4.666,6.06
113.8,2.493,4.667,6.061
113.9,2.493,4.668,6.063
114,2.493,4.669,6.063
114.1,2.493,4.669,6.064
114.2,2.493,4.67,6.065
114.3,2.503,4.67,6.065
114.4,2.503,4.67,6.065
114.5,2.503,4.671,6.066
114.6,2.493,4.671,6.066
114.7,2.493,4.671,6.067
114.8,2.503,4.671,6.067
114.9,2.503,4.672,6.067
115,2.503,4.672,6.067
115.1,2.503,4.672,6.067
115.2,2.503,4.672,6.068
115.3,2.493,4.673,6.068
115.4,2.493,4.673,6.068
115.5,2.503,4.673,6.069
115.6,2.503,4.673,6.069
115.7,2.493,4.673,6.069
115.8,2.493,4.673,6.069
115.9,2.503,4.673,6.069
116,2.503,4.673,6.068
116.1,2.503,4.673,6.068
116.2,2.503,4.673,6.068
116.3,2.503,4.673,6.068
116.4,2.493,4.673,6.069
116.5,2.503,4.673,6.069
116.6,2.493,4.673,6.069
116.7,2.493,4.673,6.068
116.8,2.503,4.672,6.068
116.9,2.503,4.672,6.068
117,2.503,4.672,6.068
117.1,2.503,4.672,6.067
117.2,2.503,4.672,6.067
117.3,2.503,4.672,6.067
117.4,2.503,4.672,6.067
117.5,2.503,4.672,6.067
117.6,2.503,4.672,6.068
117.7,2.493,4.672,6.068
117.8,2.503,4.672,6.068
117.9,2.493,4.672,6.068
118,2.503,4.672,6.068
118.1,2.503,4.672,6.068
118.2,2.503,4.673,6.068
118.3,2.503,4.673,6.068
118.4,2.503,4.673,6.069
118.5,2.503,4.673,6.069
118.6,2.493,4.673,6.069
118.7,2.493,4.673,6.069
118.8,2.503,4.673,6.069
118.9,2.503,4.673,6.069
119,2.503,4.673,6.069
119.1,2.493,4.674,6.07
119.2,2.503,4.674,6.07
119.3,2.503,4.674,6.07
119.4,2.493,4.674,6.07
119.5,2.503,4.674,6.07
119.6,2.493,4.674,6.07
119.7,2.503,4.673,6.069
119.8,2.503,4.673,6.069
119.9,2.503,4.673,6.069
120,2.493,4.673,6.069
120.1,2.503,4.673,6.069
120.2,2.503,4.673,6.069
120.3,2.503,4.673,6.069
120.4,2.503,4.673,6.069
120.5,2.503,4.673,6.069
120.6,2.503,4.673,6.069
120.7,2.503,4.673,6.069
120.8,2.503,4.674,6.07
120.9,2.503,4.674,6.07
121,2.503,4.674,6.07
121.1,2.493,4.675,6.071
121.2,2.503,4.675,6.071
121.3,2.503,4.675,6.071
121.4,2.493,4.675,6.072
121.5,2.493,4.675,6.072
121.6,2.503,4.675,6.072
121.7,2.503,4.676,6.072
121.8,2.503,4.676,6.072
121.9,2.503,4.676,6.073
122,2.493,4.676,6.073
122.1,2.503,4.676,6.073
122.2,2.493,4.676,6.073
122.3,2.493,4.676,6.073
122.4,2.503,4.676,6.073
122.5,2.493,4.676,6.073
122.6,2.503,4.676,6.072
122.7,2.503,4.676,6.072
122.8,2.503,4.675,6.072
122.9,2.493,4.675,6.072
123,2.503,4.675,6.071
123.1,2.493,4.675,6.071
123.2,2.493,4.674,6.071
123.3,2.503,4.674,6.07
123.4,2.503,4.674,6.07
123.5,2.503,4.673,6.069
123.6,2.503,4.673,6.069
123.7,2.493,4.673,6.068
123.8,2.493,4.672,6.068
123.9,2.493,4.672,6.067
124,2.503,4.671,6.066
124.1,2.493,4.67,6.066
124.2,2.493,4.67,6.065
124.3,2.503,4.669,6.063
124.4,2.503,4.668,6.062
124.5,2.503,4.667,6.061
124.6,2.493,4.667,6.06
124.7,2.503,4.666,6.059
124.8,2.493,4.665,6.058
124.9,2.503,4.664,6.057
125,2.493,4.663,6.056
125.1,2.503,4.662,6.055
125.2,2.503,4.661,6.054
125.3,2.503,4.66,6.052
125.4,2.503,4.66,6.051
125.5,2.503,4.659,6.05
125.6,2.503,4.658,6.05
125.7,2.493,4.658,6.049
125.8,2.493,4.657,6.048
125.9,2.503,4.656,6.047
126,2.493,4.655,6.046
126.1,2.493,4.654,6.044
126.2,2.493,4.653,6.043
126.3,2.503,4.652,6.041
126.4,2.493,4.651,6.04
126.5,2.503,4.649,6.038
126.6,2.503,4.648,6.036
126.7,2.493,4.647,6.035
126.8,2.503,4.646,6.033
126.9,2.493,4.644,6.032
127,2.503,4.643,6.03
127.1,2.503,4.642,6.028
127.2,2.493,4.64,6.027
127.3,2.493,4.639,6.025
127.4,2.503,4.638,6.023
127.5,2.493,4.636,6.021
127.6,2.493,4.635,6.019
127.7,2.503,4.633,6.017
127.8,2.503,4.631,6.015
127.9,2.493,4.63,6.013
128,2.503,4.628,6.011
128.1,2.503,4.627,6.009
128.2,2.493,4.625,6.007
128.3,2.493,4.623,6.004
128.4,2.503,4.622,6.002
128.5,2.503,4.62,6
128.6,2.503,4.618,5.998
128.7,2.493,4.617,5.996
128.8,2.493,4.615,5.994
128.9,2.493,4.613,5.991
129,2.493,4.611,5.989
129.1,2.493,4.609,5.986
129.2,2.503,4.607,5.983
129.3,2.493,4.605,5.98
129.4,2.493,4.603,5.978
129.5,2.503,4.6,5.975
129.6,2.503,4.598,5.972
129.7,2.493,4.596,5.969
129.8,2.503,4.594,5.966
129.9,2.493,4.591,5.963
130,2.493,4.589,5.96
130.1,2.503,4.587,5.957
130.2,2.503,4.584,5.953
130.3,2.503,4.582,5.95
130.4,2.503,4.58,5.948
130.5,2.493,4.578,5.945
130.6,2.493,4.575,5.942
130.7,2.493,4.573,5.939
130.8,2.503,4.57,5.936
130.9,2.493,4.568,5.932
131,2.503,4.565,5.929
131.1,2.493,4.563,5.926
131.2,2.493,4.56,5.923
131.3,2.493,4.558,5.919
131.4,2.493,4.555,5.915
131.5,2.503,4.552,5.912
131.6,2.493,4.549,5.908
131.7,2.493,4.546,5.904
131.8,2.503,4.543,5.9
131.9,2.493,4.54,5.896
132,2.493,4.537,5.892
132.1,2.493,4.534,5.888
132.2,2.503,4.531,5.884
132.3,2.493,4.527,5.88
132.4,2.503,4.524,5.875
132.5,2.503,4.521,5.871
132.6,2.493,4.518,5.867
132.7,2.493,4.514,5.863
132.8,2.493,4.511,5.858
132.9,2.503,4.508,5.854
133,2.493,4.504,5.85
133.1,2.493,4.501,5.845
133.2,2.493,4.497,5.84
133.3,2.493,4.493,5.836
133.4,2.493,4.49,5.831
133.5,2.503,4.486,5.826
133.6,2.503,4.482,5.821
133.7,2.493,4.478,5.816
133.8,2.503,4.475,5.811
133.9,2.503,4.471,5.806
134,2.503,4.467,5.802
134.1,2.503,4.464,5.797
134.2,2.503,4.46,5.793
134.3,2.493,4.457,5.788
134.4,2.493,4.454,5.784
134.5,2.493,4.45,5.779
134.6,2.493,4.446,5.775
134.7,2.493,4.443,5.77
134.8,2.503,4.439,5.765
134.9,2.493,4.435,5.76
135,2.493,4.431,5.755
135.1,2.493,4.427,5.75
135.2,2.493,4.423,5.744
135.3,2.503,4.419,5.739
135.4,2.493,4.415,5.734
135.5,2.493,4.411,5.728
135.6,2.493,4.407,5.723
135.7,2.493,4.402,5.717
135.8,2.503,4.398,5.712
135.9,2.493,4.394,5.706
136,2.493,4.389,5.7
136.1,2.503,4.385,5.694
136.2,2.503,4.38,5.689
136.3,2.493,4.376,5.683
136.4,2.503,4.372,5.677
136.5,2.493,4.367,5.672
136.6,2.493,4.363,5.666
136.7,2.503,4.358,5.66
136.8,2.503,4.354,5.654
136.9,2.493,4.35,5.649
137,2.493,4.345,5.643
137.1,2.503,4.341,5.637
137.2,2.503,4.336,5.632
137.3,2.503,4.332,5.626
137.4,2.493,4.328,5.621
137.5,2.493,4.324,5.615
137.6,2.503,4.319,5.61
137.7,2.493,4.315,5.604
137.8,2.493,4.311,5.599
137.9,2.503,4.306,5.593
138,2.503,4.302,5.587
138.1,2.503,4.298,5.582
138.2,2.493,4.294,5.576
138.3,2.503,4.29,5.571
138.4,2.503,4.285,5.566
138.5,2.503,4.281,5.56
138.6,2.493,4.278,5.555
138.7,2.493,4.274,5.55
138.8,2.503,4.269,5.545
138.9,2.503,4.265,5.54
139,2.503,4.262,5.534
139.1,2.503,4.258,5.529
139.2,2.503,4.254,5.525
139.3,2.493,4.25,5.52
139.4,2.493,4.247,5.515
139.5,2.493,4.243,5.51
139.6,2.503,4.239,5.505
139.7,2.493,4.235,5.5
139.8,2.493,4.231,5.495
139.9,2.503,4.227,5.49
140,2.503,4.223,5.485
140.1,2.503,4.219,5.48
140.2,2.493,4.216,5.475
140.3,2.493,4.212,5.47
140.4,2.493,4.208,5.465
140.5,2.493,4.204,5.46
140.6,2.503,4.2,5.454
140.7,2.503,4.196,5.449
140.8,2.503,4.192,5.444
140.9,2.503,4.188,5.439
141,2.503,4.184,5.434
141.1,2.493,4.181,5.429
141.2,2.503,4.177,5.425
141.3,2.493,4.173,5.42
141.4,2.503,4.17,5.415
141.5,2.493,4.166,5.41
141.6,2.503,4.162,5.405
141.7,2.503,4.158,5.401
141.8,2.503,4.155,5.396
141.9,2.503,4.151,5.391
142,2.503,4.148,5.387
142.1,2.503,4.145,5.383
142.2,2.503,4.142,5.379
142.3,2.493,4.139,5.375
142.4,2.503,4.135,5.371
142.5,2.493,4.132,5.367
142.6,2.493,4.129,5.362
142.7,2.493,4.126,5.358
142.8,2.493,4.122,5.354
142.9,2.493,4.119,5.349
143,2.493,4.115,5.344
143.1,2.493,4.111,5.339
143.2,2.503,4.107,5.334
143.3,2.493,4.104,5.33
143.4,2.493,4.1,5.324
143.5,2.503,4.096,5.319
143.6,2.503,4.092,5.314
143.7,2.503,4.088,5.309
143.8,2.503,4.085,5.305
143.9,2.503,4.081,5.3
144,2.503,4.078,5.296
144.1,2.503,4.074,5.291
144.2,2.493,4.071,5.287
144.3,2.503,4.068,5.283
144.4,2.493,4.064,5.278
144.5,2.493,4.061,5.274
144.6,2.493,4.057,5.269
144.7,2.503,4.054,5.265
144.8,2.493,4.05,5.26
144.9,2.493,4.047,5.255
145,2.493,4.043,5.25
145.1,2.503,4.039,5.245
145.2,2.493,4.035,5.241
145.3,2.503,4.031,5.236
145.4,2.503,4.028,5.231
145.5,2.503,4.024,5.226
145.6,2.503,4.021,5.221
145.7,2.503,4.017,5.217
145.8,2.503,4.014,5.213
145.9,2.493,4.01,5.208
146,2.503,4.007,5.204
146.1,2.503,4.004,5.2
146.2,2.493,4.001,5.196
146.3,2.503,3.997,5.191
146.4,2.503,3.994,5.187
146.5,2.503,3.991,5.183
146.6,2.503,3.988,5.179
146.7,2.493,3.985,5.175
146.8,2.503,3.982,5.171
146.9,2.503,3.979,5.168
147,2.503,3.976,5.164
147.1,2.503,3.973,5.16
147.2,2.493,3.971,5.157
147.3,2.493,3.968,5.153
147.4,2.503,3.965,5.149
147.5,2.493,3.962,5.146
147.6,2.503,3.959,5.142
147.7,2.493,3.956,5.138
147.8,2.493,3.953,5.134
147.9,2.503,3.95,5.13
148,2.503,3.947,5.126
148.1,2.493,3.944,5.123
148.2,2.503,3.941,5.119
148.3,2.503,3.938,5.115
148.4,2.503,3.936,5.111
148.5,2.493,3.933,5.108
148.6,2.503,3.93,5.104
148.7,2.493,3.927,5.1
148.8,2.503,3.924,5.096
148.9,2.503,3.921,5.093
149,2.503,3.919,5.089
149.1,2.503,3.916,5.086
149.2,2.503,3.914,5.083
149.3,2.503,3.911,5.079
149.4,2.493,3.909,5.076
149.5,2.503,3.906,5.073
149.6,2.503,3.904,5.07
149.7,2.503,3.901,5.067
149.8,2.503,3.899,5.064
149.9,2.493,3.897,5.061
150,2.503,3.895,5.058
150.1,2.503,3.892,5.055
150.2,2.493,3.89,5.052
150.3,2.503,3.888,5.049
150.4,2.503,3.886,5.047
150.5,2.503,3.884,5.044
150.6,2.503,3.882,5.041
150.7,2.503,3.88,5.039
150.8,2.503,3.878,5.036
150.9,2.503,3.876,5.034
151,2.503,3.874,5.032
151.1,2.503,3.873,5.03
151.2,2.493,3.871,5.027
151.3,2.503,3.869,5.025
151.4,2.503,3.868,5.023
151.5,2.503,3.866,5.021
151.6,2.493,3.865,5.019
151.7,2.493,3.863,5.017
151.8,2.503,3.861,5.015
151.9,2.493,3.86,5.013
152,2.493,3.858,5.01
152.1,2.503,3.856,5.008
152.2,2.503,3.854,5.005
152.3,2.503,3.852,5.003
152.4,2.503,3.851,5.001
152.5,2.503,3.849,4.999
152.6,2.503,3.847,4.997
152.7,2.503,3.846,4.995
152.8,2.503,3.845,4.993
152.9,2.503,3.843,4.991
153,2.503,3.842,4.989
153.1,2.503,3.841,4.988
153.2,2.503,3.84,4.986
153.3,2.503,3.838,4.985
153.4,2.503,3.837,4.984
153.5,2.503,3.837,4.982
153.6,2.503,3.836,4.981
153.7,2.493,3.835,4.98
153.8,2.503,3.834,4.979
153.9,2.493,3.833,4.978
154,2.493,3.832,4.977
154.1,2.503,3.831,4.975
154.2,2.503,3.83,4.974
154.3,2.503,3.829,4.972
154.4,2.503,3.828,4.971
154.5,2.503,3.827,4.97
154.6,2.503,3.826,4.969
154.7,2.503,3.825,4.968
154.8,2.493,3.824,4.967
154.9,2.503,3.824,4.966
155,2.503,3.823,4.965
155.1,2.503,3.822,4.964
155.2,2.503,3.821,4.963
155.3,2.503,3.821,4.962
155.4,2.493,3.82,4.961
155.5,2.503,3.82,4.96
155.6,2.503,3.819,4.96
155.7,2.503,3.818,4.959
155.8,2.503,3.818,4.958
155.9,2.503,3.817,4.958
156,2.503,3.817,4.957
156.1,2.503,3.817,4.957
156.2,2.503,3.816,4.956
156.3,2.503,3.816,4.956
156.4,2.503,3.816,4.956
156.5,2.503,3.816,4.956
156.6,2.503,3.816,4.956
156.7,2.503,3.816,4.956
156.8,2.503,3.816,4.956
156.9,2.493,3.816,4.956
157,2.493,3.816,4.956
157.1,2.503,3.816,4.956
157.2,2.503,3.816,4.955
157.3,2.503,3.816,4.955
157.4,2.503,3.816,4.955
157.5,2.503,3.816,4.955
157.6,2.493,3.816,4.955
157.7,2.503,3.816,4.955
157.8,2.503,3.816,4.955
157.9,2.503,3.816,4.955
158,2.503,3.816,4.955
158.1,2.503,3.816,4.956
158.2,2.493,3.816,4.956
158.3,2.493,3.816,4.956
158.4,2.503,3.816,4.956
158.5,2.503,3.816,4.956
158.6,2.503,3.816,4.956
158.7,2.493,3.816,4.956
158.8,2.503,3.816,4.956
158.9,2.503,3.816,4.956
159,2.493,3.816,4.956
159.1,2.503,3.816,4.955
159.2,2.503,3.816,4.955
159.3,2.503,3.816,4.955
159.4,2.503,3.816,4.955
159.5,2.493,3.816,4.955
159.6,2.493,3.816,4.955
159.7,2.503,3.815,4.955
159.8,2.493,3.815,4.955
159.9,2.503,3.815,4.954
160,2.503,3.815,4.954
160.1,2.503,3.815,4.954
160.2,2.503,3.814,4.954
160.3,2.503,3.814,4.954
160.4,2.493,3.814,4.954
160.5,2.503,3.814,4.953
160.6,2.493,3.814,4.953
160.7,2.503,3.814,4.953
160.8,2.503,3.813,4.953
160.9,2.503,3.813,4.952
161,2.493,3.813,4.952
161.1,2.503,3.813,4.952
161.2,2.503,3.813,4.952
161.3,2.503,3.813,4.951
161.4,2.493,3.813,4.951
161.5,2.503,3.812,4.951
161.6,2.493,3.812,4.951
161.7,2.493,3.812,4.95
161.8,2.503,3.811,4.95
161.9,2.503,3.811,4.949
162,2.503,3.811,4.949
162.1,2.503,3.81,4.948
162.2,2.503,3.81,4.948
162.3,2.503,3.81,4.948
162.4,2.503,3.81,4.948
162.5,2.503,3.81,4.948
162.6,2.503,3.81,4.948
162.7,2.503,3.81,4.948
162.8,2.503,3.81,4.948
162.9,2.503,3.81,4.948
163,2.503,3.81,4.948
163.1,2.493,3.81,4.949
163.2,2.503,3.81,4.949
163.3,2.503,3.811,4.949
163.4,2.503,3.811,4.949
163.5,2.493,3.811,4.949
163.6,2.503,3.811,4.95
163.7,2.503,3.811,4.95
163.8,2.493,3.811,4.95
163.9,2.503,3.812,4.95
164,2.503,3.812,4.95
164.1,2.503,3.812,4.95
164.2,2.493,3.812,4.951
164.3,2.503,3.812,4.951
164.4,2.503,3.812,4.951
164.5,2.503,3.812,4.951
164.6,2.503,3.813,4.951
164.7,2.503,3.813,4.952
164.8,2.493,3.813,4.952
164.9,2.503,3.813,4.952
165,2.493,3.813,4.953
165.1,2.503,3.813,4.953
165.2,2.503,3.814,4.953
165.3,2.503,3.814,4.953
165.4,2.493,3.814,4.953
165.5,2.503,3.814,4.953
165.6,2.493,3.814,4.953
165.7,2.503,3.814,4.953
165.8,2.503,3.814,4.953
165.9,2.493,3.814,4.954
166,2.503,3.814,4.953
166.1,2.493,3.814,4.953
166.2,2.503,3.814,4.953
166.3,2.503,3.814,4.953
166.4,2.503,3.814,4.953
166.5,2.503,3.814,4.953
166.6,2.503,3.814,4.953
166.7,2.493,3.814,4.953
166.8,2.503,3.814,4.953
166.9,2.493,3.814,4.953
167,2.493,3.814,4.953
167.1,2.503,3.813,4.952
167.2,2.503,3.813,4.952
167.3,2.503,3.813,4.952
167.4,2.503,3.813,4.952
167.5,2.503,3.813,4.952
167.6,2.493,3.813,4.952
167.7,2.503,3.813,4.951
167.8,2.503,3.812,4.951
167.9,2.503,3.812,4.951
168,2.503,3.812,4.951
168.1,2.503,3.812,4.951
168.2,2.503,3.813,4.951
168.3,2.503,3.813,4.952
168.4,2.503,3.813,4.952
168.5,2.503,3.813,4.952
168.6,2.493,3.814,4.953
168.7,2.503,3.814,4.953
168.8,2.503,3.814,4.953
168.9,2.493,3.814,4.953
169,2.503,3.814,4.954
169.1,2.503,3.814,4.954
169.2,2.493,3.815,4.954
169.3,2.503,3.815,4.954
169.4,2.503,3.815,4.954
169.5,2.503,3.815,4.954
169.6,2.493,3.815,4.955
169.7,2.503,3.815,4.955
169.8,2.503,3.815,4.955
169.9,2.493,3.815,4.955
170,2.503,3.815,4.955
170.1,2.493,3.816,4.955
170.2,2.503,3.815,4.955
170.3,2.503,3.815,4.955
170.4,2.493,3.815,4.955
170.5,2.493,3.815,4.955
170.6,2.503,3.815,4.955
170.7,2.503,3.815,4.954
170.8,2.493,3.815,4.954
170.9,2.493,3.814,4.954
171,2.503,3.814,4.953
171.1,2.503,3.814,4.953
171.2,2.503,3.813,4.952
171.3,2.503,3.813,4.952
171.4,2.503,3.813,4.952
171.5,2.493,3.813,4.951
171.6,2.503,3.812,4.951
171.7,2.493,3.812,4.951
171.8,2.503,3.812,4.95
171.9,2.503,3.811,4.95
172,2.503,3.811,4.949
172.1,2.503,3.811,4.949
172.2,2.493,3.811,4.949
172.3,2.503,3.81,4.949
172.4,2.503,3.81,4.948
172.5,2.503,3.81,4.948
172.6,2.503,3.81,4.948
172.7,2.493,3.81,4.948
172.8,2.503,3.809,4.947
172.9,2.493,3.809,4.947
173,2.493,3.809,4.947
173.1,2.503,3.808,4.946
173.2,2.503,3.808,4.945
173.3,2.493,3.808,4.945
173.4,2.503,3.807,4.944
173.5,2.503,3.807,4.944
173.6,2.503,3.806,4.943
173.7,2.503,3.806,4.943
173.8,2.503,3.806,4.943
173.9,2.503,3.806,4.942
174,2.493,3.805,4.942
174.1,2.503,3.805,4.942
174.2,2.503,3.805,4.941
174.3,2.503,3.805,4.941
174.4,2.493,3.805,4.941
174.5,2.503,3.804,4.941
174.6,2.493,3.804,4.94
174.7,2.493,3.804,4.94
174.8,2.503,3.803,4.939
174.9,2.503,3.803,4.939
175,2.503,3.802,4.938
175.1,2.503,3.802,4.938
175.2,2.493,3.802,4.937
175.3,2.493,3.801,4.937
175.4,2.503,3.801,4.936
175.5,2.493,3.8,4.935
175.6,2.503,3.8,4.934
175.7,2.493,3.799,4.934
175.8,2.503,3.798,4.933
175.9,2.503,3.798,4.932
176,2.503,3.797,4.931
176.1,2.503,3.796,4.93
176.2,2.503,3.796,4.93
176.3,2.503,3.795,4.929
176.4,2.503,3.795,4.929
176.5,2.503,3.795,4.928
176.6,2.503,3.795,4.928
176.7,2.503,3.794,4.928
176.8,2.503,3.794,4.927
176.9,2.503,3.794,4.927
177,2.503,3.794,4.927
177.1,2.503,3.794,4.927
177.2,2.503,3.794,4.927
177.3,2.503,3.794,4.928
177.4,2.503,3.794,4.928
177.5,2.503,3.795,4.928
177.6,2.503,3.795,4.928
177.7,2.503,3.795,4.929
177.8,2.503,3.796,4.929
177.9,2.503,3.796,4.93
178,2.503,3.796,4.931
178.1,2.503,3.797,4.931
178.2,2.493,3.798,4.932
178.3,2.493,3.798,4.932
178.4,2.503,3.798,4.933
178.5,2.503,3.799,4.933
178.6,2.493,3.799,4.934
178.7,2.493,3.799,4.934
178.8,2.493,3.799,4.934
178.9,2.503,3.799,4.934
179,2.503,3.799,4.934
179.1,2.493,3.799,4.934
179.2,2.503,3.799,4.934
179.3,2.503,3.799,4.933
179.4,2.503,3.799,4.933
179.5,2.503,3.799,4.933
179.6,2.503,3.799,4.934
179.7,2.503,3.799,4.934
179.8,2.493,3.799,4.934
179.9,2.503,3.799,4.934
180,2.503,3.799,4.934
180.1,2.503,3.799,4.934
180.2,2.503,3.8,4.935
180.3,2.503,3.8,4.935
180.4,2.503,3.8,4.935
180.5,2.503,3.8,4.936
180.6,2.503,3.801,4.936
180.7,2.503,3.801,4.937
180.8,2.503,3.802,4.937
180.9,2.503,3.802,4.938
181,2.503,3.803,4.939
181.1,2.503,3.803,4.94
181.2,2.503,3.804,4.94
181.3,2.503,3.805,4.941
181.4,2.503,3.806,4.942
181.5,2.503,3.806,4.943
181.6,2.503,3.807,4.944
181.7,2.493,3.808,4.946
181.8,2.493,3.809,4.947
181.9,2.503,3.809,4.947
182,2.493,3.81,4.948
182.1,2.493,3.81,4.949
182.2,2.503,3.811,4.949
182.3,2.493,3.811,4.95
182.4,2.503,3.811,4.95
182.5,2.503,3.812,4.95
182.6,2.503,3.812,4.951
182.7,2.503,3.812,4.951
182.8,2.503,3.813,4.952
182.9,2.503,3.813,4.952
183,2.503,3.814,4.953
183.1,2.503,3.814,4.953
183.2,2.503,3.815,4.954
183.3,2.503,3.815,4.955
183.4,2.503,3.816,4.956
183.5,2.503,3.817,4.957
183.6,2.503,3.818,4.958
183.7,2.503,3.818,4.959
183.8,2.503,3.819,4.96
183.9,2.503,3.82,4.961
184,2.503,3.821,4.962
184.1,2.503,3.822,4.964
184.2,2.503,3.823,4.965
184.3,2.503,3.824,4.966
184.4,2.493,3.825,4.968
184.5,2.493,3.826,4.969
184.6,2.503,3.827,4.97
184.7,2.503,3.828,4.971
184.8,2.503,3.829,4.972
184.9,2.493,3.83,4.974
185,2.503,3.83,4.975
185.1,2.503,3.831,4.976
185.2,2.493,3.832,4.977
185.3,2.503,3.833,4.978
185.4,2.503,3.833,4.978
185.5,2.503,3.834,4.979
185.6,2.503,3.835,4.981
185.7,2.503,3.836,4.982
185.8,2.503,3.837,4.983
185.9,2.493,3.838,4.984
186,2.503,3.839,4.985
186.1,2.493,3.839,4.986
186.2,2.503,3.84,4.987
186.3,2.493,3.841,4.988
186.4,2.503,3.841,4.989
186.5,2.493,3.842,4.989
186.6,2.503,3.842,4.99
186.7,2.493,3.843,4.991
186.8,2.503,3.843,4.991
186.9,2.493,3.844,4.992
187,2.503,3.844,4.992
187.1,2.503,3.844,4.992
187.2,2.503,3.844,4.993
187.3,2.493,3.845,4.993
187.4,2.503,3.845,4.994
187.5,2.503,3.845,4.994
187.6,2.493,3.846,4.994
187.7,2.503,3.846,4.995
187.8,2.503,3.846,4.995
187.9,2.503,3.846,4.995
188,2.503,3.847,4.996
188.1,2.503,3.847,4.996
188.2,2.493,3.848,4.997
188.3,2.503,3.848,4.997
188.4,2.493,3.848,4.998
188.5,2.503,3.848,4.998
188.6,2.493,3.849,4.998
188.7,2.503,3.849,4.998
188.8,2.503,3.849,4.998
188.9,2.493,3.849,4.999
189,2.503,3.849,4.999
189.1,2.493,3.849,4.999
189.2,2.503,3.849,4.999
189.3,2.503,3.849,4.999
189.4,2.493,3.849,4.999
189.5,2.493,3.849,4.999
189.6,2.493,3.849,4.998
189.7,2.493,3.848,4.998
189.8,2.503,3.848,4.997
189.9,2.503,3.847,4.997
190,2.493,3.847,4.996
190.1,2.493,3.846,4.995
190.2,2.493,3.846,4.994
190.3,2.493,3.845,4.993
190.4,2.493,3.844,4.992
190.5,2.503,3.843,4.991
190.6,2.503,3.842,4.989
190.7,2.503,3.841,4.988
190.8,2.503,3.84,4.987
190.9,2.503,3.839,4.986
191,2.503,3.838,4.985
191.1,2.493,3.837,4.984
191.2,2.503,3.836,4.982
191.3,2.503,3.836,4.981
191.4,2.503,3.835,4.98
191.5,2.503,3.834,4.98
191.6,2.493,3.834,4.979
191.7,2.503,3.833,4.978
191.8,2.503,3.832,4.977
191.9,2.503,3.832,4.976